block,solver,A_name,q,sigma,instance_id,K,success,success_impute,success_single,success_single_impute,eps_success_impute,best_restart_id,best_error,best_error_full,best_score,single_restart_id,single_score,single_error,single_error_full,single_d_H,best_restart_id_symbolic,best_d_H,best_score_symbolic,bq_abs,spacing_y0,interior_sep_T1,minimax_lb_E_x,digital_regime
B,neural,A1,4,0.001,0,1,0,0,0,0,0.46543687432210207,29,1.3480013776399125,2.4066518463052526,0.00035961170215159655,29,0.00035961170215159655,1.3480013776399125,2.4066518463052526,1.0,29,1.0,0.00035961170215159655,21,0.047619047619047616,0.38095238095238093,1.126640116127244,1
B,neural,A1,4,0.001,1,1,0,0,0,0,0.46543687432210207,45,1.9548966550465248,2.1280981467630156,0.0007536893244832754,45,0.0007536893244832754,1.9548966550465248,2.1280981467630156,0.5,45,0.5,0.0007536893244832754,21,0.047619047619047616,0.38095238095238093,1.126640116127244,1
B,neural,A1,4,0.001,2,1,0,0,0,0,0.46543687432210207,12,1.9942895213433536,2.0194895016352152,0.001355881104245782,12,0.001355881104245782,1.9942895213433536,2.0194895016352152,1.0,12,1.0,0.001355881104245782,21,0.047619047619047616,0.38095238095238093,1.126640116127244,1
B,neural,A1,4,0.001,3,1,0,0,0,0,0.46543687432210207,45,1.3675905541745441,2.4187015782377093,0.00035735120764002204,45,0.00035735120764002204,1.3675905541745441,2.4187015782377093,0.75,45,0.75,0.00035735120764002204,21,0.047619047619047616,0.38095238095238093,1.126640116127244,1
B,neural,A1,4,0.001,4,1,0,0,0,0,0.46543687432210207,1,0.5878785878472379,1.2715413845640102,5.450846995991299e-10,1,5.450846995991299e-10,0.5878785878472379,1.2715413845640102,0.75,1,0.75,5.450846995991299e-10,21,0.047619047619047616,0.38095238095238093,1.126640116127244,1
B,neural,A1,4,0.001,5,1,0,0,0,0,0.46543687432210207,10,1.564910626572435,2.5005092977341143,1.6357826382318308e-07,10,1.6357826382318308e-07,1.564910626572435,2.5005092977341143,0.75,10,0.75,1.6357826382318308e-07,21,0.047619047619047616,0.38095238095238093,1.126640116127244,1
B,neural,A1,4,0.001,6,1,0,0,0,0,0.46543687432210207,9,0.5696281387282149,1.2481732980136062,0.0006585837691091001,9,0.0006585837691091001,0.5696281387282149,1.2481732980136062,1.0,9,1.0,0.0006585837691091001,21,0.047619047619047616,0.38095238095238093,1.126640116127244,1
B,neural,A1,4,0.001,7,1,0,0,0,0,0.46543687432210207,48,1.9936647168937311,2.0157039216502306,0.00025045499205589294,48,0.00025045499205589294,1.9936647168937311,2.0157039216502306,0.5,48,0.5,0.00025045499205589294,21,0.047619047619047616,0.38095238095238093,1.126640116127244,1
B,neural,A1,4,0.001,8,1,0,0,0,0,0.46543687432210207,43,1.3603820117668537,2.4144222985136254,4.2546347685856745e-05,43,4.2546347685856745e-05,1.3603820117668537,2.4144222985136254,0.75,43,0.75,4.2546347685856745e-05,21,0.047619047619047616,0.38095238095238093,1.126640116127244,1
B,neural,A1,4,0.001,9,1,0,0,0,0,0.46543687432210207,43,1.9495953601625893,2.1337266149051657,1.1699053184544006e-12,43,1.1699053184544006e-12,1.9495953601625893,2.1337266149051657,1.0,43,1.0,1.1699053184544006e-12,21,0.047619047619047616,0.38095238095238093,1.126640116127244,1
B,neural,A1,4,0.001,10,1,0,0,0,0,0.46543687432210207,17,1.9509668682583017,2.1347068156136286,0.0005140023422427475,17,0.0005140023422427475,1.9509668682583017,2.1347068156136286,0.75,17,0.75,0.0005140023422427475,21,0.047619047619047616,0.38095238095238093,1.126640116127244,1
B,neural,A1,4,0.001,11,1,0,0,0,0,0.46543687432210207,51,0.5941291366815339,1.2751416938650975,5.008405423723161e-05,51,5.008405423723161e-05,0.5941291366815339,1.2751416938650975,1.0,51,1.0,5.008405423723161e-05,21,0.047619047619047616,0.38095238095238093,1.126640116127244,1
B,neural,A1,4,0.001,12,1,0,1,0,1,0.46543687432210207,59,0.2969196048747502,0.6536895052280736,0.00033732043812051415,59,0.00033732043812051415,0.2969196048747502,0.6536895052280736,0.5,59,0.5,0.00033732043812051415,21,0.047619047619047616,0.38095238095238093,1.126640116127244,1
B,neural,A1,4,0.001,13,1,1,1,1,1,0.46543687432210207,20,0.0010470697515522183,0.001210421060997639,3.519406988061746e-13,20,3.519406988061746e-13,0.0010470697515522183,0.001210421060997639,0.0,20,0.0,3.519406988061746e-13,21,0.047619047619047616,0.38095238095238093,1.126640116127244,1
B,neural,A1,4,0.001,14,1,0,0,0,0,0.46543687432210207,46,0.5902666253208428,1.272503560161075,6.474897963926196e-05,46,6.474897963926196e-05,0.5902666253208428,1.272503560161075,1.0,46,1.0,6.474897963926196e-05,21,0.047619047619047616,0.38095238095238093,1.126640116127244,1
B,neural,A1,4,0.001,15,1,0,0,0,0,0.46543687432210207,23,1.1247550771739203,2.1757302118840607,3.166301422441453e-12,23,3.166301422441453e-12,1.1247550771739203,2.1757302118840607,0.5,23,0.5,3.166301422441453e-12,21,0.047619047619047616,0.38095238095238093,1.126640116127244,1
B,neural,A1,4,0.001,16,1,0,0,0,0,0.46543687432210207,26,0.861130976269618,1.7908567441076835,0.0008243419579230249,26,0.0008243419579230249,0.861130976269618,1.7908567441076835,1.0,26,1.0,0.0008243419579230249,21,0.047619047619047616,0.38095238095238093,1.126640116127244,1
B,neural,A1,4,0.001,17,1,1,1,1,1,0.46543687432210207,8,0.0017951322718056258,0.0018595212818306528,4.2232883856740955e-13,8,4.2232883856740955e-13,0.0017951322718056258,0.0018595212818306528,0.0,8,0.0,4.2232883856740955e-13,21,0.047619047619047616,0.38095238095238093,1.126640116127244,1
B,neural,A1,4,0.001,18,1,0,0,0,0,0.46543687432210207,19,0.8671242224378976,1.788353423351861,3.2686085660316166e-07,19,3.2686085660316166e-07,0.8671242224378976,1.788353423351861,1.0,19,1.0,3.2686085660316166e-07,21,0.047619047619047616,0.38095238095238093,1.126640116127244,1
B,neural,A1,4,0.001,19,1,1,1,1,1,0.46543687432210207,40,0.0009217997681411388,0.006327355115675545,8.297993917949498e-05,40,8.297993917949498e-05,0.0009217997681411388,0.006327355115675545,0.0,40,0.0,8.297993917949498e-05,21,0.047619047619047616,0.38095238095238093,1.126640116127244,1
B,neural,A1,5,0.001,20,1,0,0,0,0,0.46543687432210207,7,0.875307391748846,1.8079914025670818,0.0008699516183696687,7,0.0008699516183696687,0.875307391748846,1.8079914025670818,1.0,7,1.0,0.0008699516183696687,55,0.01818181818181818,0.38181818181818183,1.1288864377335384,1
B,neural,A1,5,0.001,21,1,0,0,0,0,0.46543687432210207,47,0.7631659710567931,1.6229970316363769,0.0009400029084645212,47,0.0009400029084645212,0.7631659710567931,1.6229970316363769,0.8,47,0.8,0.0009400029084645212,55,0.01818181818181818,0.38181818181818183,1.1288864377335384,1
B,neural,A1,5,0.001,22,1,0,0,0,0,0.46543687432210207,1,1.865370224260396,2.301585592092824,0.00017663334438111633,1,0.00017663334438111633,1.865370224260396,2.301585592092824,0.6,1,0.6,0.00017663334438111633,55,0.01818181818181818,0.38181818181818183,1.1288864377335384,1
B,neural,A1,5,0.001,23,1,0,1,0,1,0.46543687432210207,29,0.22905691042110965,0.5069761805663856,1.5537793491074425e-12,29,1.5537793491074425e-12,0.22905691042110965,0.5069761805663856,0.8,29,0.8,1.5537793491074425e-12,55,0.01818181818181818,0.38181818181818183,1.1288864377335384,1
B,neural,A1,5,0.001,24,1,0,0,0,0,0.46543687432210207,8,1.176257065234526,2.2348246448090214,3.7504691135836765e-05,8,3.7504691135836765e-05,1.176257065234526,2.2348246448090214,0.6,8,0.6,3.7504691135836765e-05,55,0.01818181818181818,0.38181818181818183,1.1288864377335384,1
B,neural,A1,5,0.001,25,1,0,0,0,0,0.46543687432210207,3,1.8179216092149542,2.3656996241716497,0.00020905642304569483,3,0.00020905642304569483,1.8179216092149542,2.3656996241716497,0.8,3,0.8,0.00020905642304569483,55,0.01818181818181818,0.38181818181818183,1.1288864377335384,1
B,neural,A1,5,0.001,26,1,0,0,0,0,0.46543687432210207,24,1.9060600664170921,2.2380224390955346,0.00025943422224372625,24,0.00025943422224372625,1.9060600664170921,2.2380224390955346,0.4,24,0.4,0.00025943422224372625,55,0.01818181818181818,0.38181818181818183,1.1288864377335384,1
B,neural,A1,5,0.001,27,1,0,0,0,0,0.46543687432210207,21,1.066497218124009,2.1025958073561566,0.0006384906591847539,21,0.0006384906591847539,1.066497218124009,2.1025958073561566,1.0,21,1.0,0.0006384906591847539,55,0.01818181818181818,0.38181818181818183,1.1288864377335384,1
B,neural,A1,5,0.001,28,1,0,1,0,1,0.46543687432210207,0,0.24569746336176185,0.5241617898550874,0.00048320245696231723,0,0.00048320245696231723,0.24569746336176185,0.5241617898550874,0.8,0,0.8,0.00048320245696231723,55,0.01818181818181818,0.38181818181818183,1.1288864377335384,1
B,neural,A1,5,0.001,29,1,0,0,0,0,0.46543687432210207,21,1.9039338390657967,2.2302472091860754,0.0006343123386614025,21,0.0006343123386614025,1.9039338390657967,2.2302472091860754,0.8,21,0.8,0.0006343123386614025,55,0.01818181818181818,0.38181818181818183,1.1288864377335384,1
B,neural,A1,5,0.001,30,1,0,0,0,0,0.46543687432210207,44,1.9991334285290197,2.003370730570105,0.0003177134203724563,44,0.0003177134203724563,1.9991334285290197,2.003370730570105,0.8,44,0.8,0.0003177134203724563,55,0.01818181818181818,0.38181818181818183,1.1288864377335384,1
B,neural,A1,5,0.001,31,1,0,0,0,0,0.46543687432210207,8,0.982541594118271,1.9767733814371407,2.738565490290057e-05,8,2.738565490290057e-05,0.982541594118271,1.9767733814371407,0.8,8,0.8,2.738565490290057e-05,55,0.01818181818181818,0.38181818181818183,1.1288864377335384,1
B,neural,A1,5,0.001,32,1,0,1,0,1,0.46543687432210207,21,0.3478854223127211,0.7630282709410962,0.0007454811711795628,21,0.0007454811711795628,0.3478854223127211,0.7630282709410962,0.8,21,0.8,0.0007454811711795628,55,0.01818181818181818,0.38181818181818183,1.1288864377335384,1
B,neural,A1,5,0.001,33,1,0,0,0,0,0.46543687432210207,19,1.992593037874986,2.021267257089264,0.0001144735942943953,19,0.0001144735942943953,1.992593037874986,2.021267257089264,0.8,19,0.8,0.0001144735942943953,55,0.01818181818181818,0.38181818181818183,1.1288864377335384,1
B,neural,A1,5,0.001,34,1,0,0,0,0,0.46543687432210207,12,0.8827016347878123,1.812127330791323,0.0019963099621236324,12,0.0019963099621236324,0.8827016347878123,1.812127330791323,0.8,12,0.8,0.0019963099621236324,55,0.01818181818181818,0.38181818181818183,1.1288864377335384,1
B,neural,A1,5,0.001,35,1,0,0,0,0,0.46543687432210207,16,1.8221099565488132,2.366701176921508,0.00010125696280738339,16,0.00010125696280738339,1.8221099565488132,2.366701176921508,1.0,16,1.0,0.00010125696280738339,55,0.01818181818181818,0.38181818181818183,1.1288864377335384,1
B,neural,A1,5,0.001,36,1,0,0,0,0,0.46543687432210207,33,1.139135082149843,2.2088248357949096,0.004134904593229294,33,0.004134904593229294,1.139135082149843,2.2088248357949096,1.0,33,1.0,0.004134904593229294,55,0.01818181818181818,0.38181818181818183,1.1288864377335384,1
B,neural,A1,5,0.001,37,1,0,0,0,0,0.46543687432210207,14,0.9612967067271254,1.9541478674524468,0.0008347911643795669,14,0.0008347911643795669,0.9612967067271254,1.9541478674524468,1.0,14,1.0,0.0008347911643795669,55,0.01818181818181818,0.38181818181818183,1.1288864377335384,1
B,neural,A1,5,0.001,38,1,0,1,0,1,0.46543687432210207,63,0.11851917935302048,0.2531234098425575,0.0009636087925173342,63,0.0009636087925173342,0.11851917935302048,0.2531234098425575,0.8,63,0.8,0.0009636087925173342,55,0.01818181818181818,0.38181818181818183,1.1288864377335384,1
B,neural,A1,5,0.001,39,1,0,0,0,0,0.46543687432210207,53,0.6734830347189075,1.4308361518329267,4.819831156055443e-05,53,4.819831156055443e-05,0.6734830347189075,1.4308361518329267,1.0,53,1.0,4.819831156055443e-05,55,0.01818181818181818,0.38181818181818183,1.1288864377335384,1
B,neural,A1,6,0.001,40,1,0,0,0,0,0.46543687432210207,60,1.3594504976039772,2.4128561793803405,0.00034106476232409477,60,0.00034106476232409477,1.3594504976039772,2.4128561793803405,0.5,60,0.5,0.00034106476232409477,144,0.006944444444444444,0.3819444444444444,1.1292138519486008,1
B,neural,A1,6,0.001,41,1,0,0,0,0,0.46543687432210207,35,1.0689415705987477,2.103852650906237,0.00020503668929450214,35,0.00020503668929450214,1.0689415705987477,2.103852650906237,0.6666666666666666,35,0.6666666666666666,0.00020503668929450214,144,0.006944444444444444,0.3819444444444444,1.1292138519486008,1
B,neural,A1,6,0.001,42,1,0,0,0,0,0.46543687432210207,50,1.9999162228788554,2.001225799371285,0.0030628619715571404,50,0.0030628619715571404,1.9999162228788554,2.001225799371285,1.0,50,1.0,0.0030628619715571404,144,0.006944444444444444,0.3819444444444444,1.1292138519486008,1
B,neural,A1,6,0.001,43,1,0,0,0,0,0.46543687432210207,31,1.3896107435284395,2.433787069078938,0.0002010069729294628,31,0.0002010069729294628,1.3896107435284395,2.433787069078938,0.8333333333333334,31,0.8333333333333334,0.0002010069729294628,144,0.006944444444444444,0.3819444444444444,1.1292138519486008,1
B,neural,A1,6,0.001,44,1,0,0,0,0,0.46543687432210207,2,0.8177803274156844,1.7308784886072228,0.001745169865898788,2,0.001745169865898788,0.8177803274156844,1.7308784886072228,1.0,2,1.0,0.001745169865898788,144,0.006944444444444444,0.3819444444444444,1.1292138519486008,1
B,neural,A1,6,0.001,45,1,0,0,0,0,0.46543687432210207,60,1.0419138195304134,2.056748731099849,0.00027022528229281306,60,0.00027022528229281306,1.0419138195304134,2.056748731099849,0.6666666666666666,60,0.6666666666666666,0.00027022528229281306,144,0.006944444444444444,0.3819444444444444,1.1292138519486008,1
B,neural,A1,6,0.001,46,1,0,0,0,0,0.46543687432210207,42,0.6150407314362923,1.3049336860557261,0.0033648968674242496,42,0.0033648968674242496,0.6150407314362923,1.3049336860557261,1.0,42,1.0,0.0033648968674242496,144,0.006944444444444444,0.3819444444444444,1.1292138519486008,1
B,neural,A1,6,0.001,47,1,0,0,0,0,0.46543687432210207,55,0.7927730660848402,1.6434289552521266,0.005528440233319998,55,0.005528440233319998,0.7927730660848402,1.6434289552521266,0.8333333333333334,55,0.8333333333333334,0.005528440233319998,144,0.006944444444444444,0.3819444444444444,1.1292138519486008,1
B,neural,A1,6,0.001,48,1,0,0,0,0,0.46543687432210207,18,0.7065182858519263,1.5129902086864238,0.000742803851608187,18,0.000742803851608187,0.7065182858519263,1.5129902086864238,0.8333333333333334,18,0.8333333333333334,0.000742803851608187,144,0.006944444444444444,0.3819444444444444,1.1292138519486008,1
B,neural,A1,6,0.001,49,1,0,0,0,0,0.46543687432210207,45,1.030091886932547,2.0367461375618405,0.0013720568967983127,45,0.0013720568967983127,1.030091886932547,2.0367461375618405,0.8333333333333334,45,0.8333333333333334,0.0013720568967983127,144,0.006944444444444444,0.3819444444444444,1.1292138519486008,1
B,neural,A1,6,0.001,50,1,0,1,0,1,0.46543687432210207,31,0.43142823351038245,0.9347645957825681,0.0024420784320682287,31,0.0024420784320682287,0.43142823351038245,0.9347645957825681,0.8333333333333334,31,0.8333333333333334,0.0024420784320682287,144,0.006944444444444444,0.3819444444444444,1.1292138519486008,1
B,neural,A1,6,0.001,51,1,0,0,0,0,0.46543687432210207,0,0.8856807449525613,1.819856803785127,0.00026354804867878556,0,0.00026354804867878556,0.8856807449525613,1.819856803785127,0.6666666666666666,0,0.6666666666666666,0.00026354804867878556,144,0.006944444444444444,0.3819444444444444,1.1292138519486008,1
B,neural,A1,6,0.001,52,1,0,0,0,0,0.46543687432210207,31,1.3453558574455975,2.4047431976468268,0.003669026307761669,31,0.003669026307761669,1.3453558574455975,2.4047431976468268,0.5,31,0.5,0.003669026307761669,144,0.006944444444444444,0.3819444444444444,1.1292138519486008,1
B,neural,A1,6,0.001,53,1,0,0,0,0,0.46543687432210207,1,0.8047400714339727,1.6729611958326422,0.00031314906664192677,1,0.00031314906664192677,0.8047400714339727,1.6729611958326422,1.0,1,1.0,0.00031314906664192677,144,0.006944444444444444,0.3819444444444444,1.1292138519486008,1
B,neural,A1,6,0.001,54,1,0,1,0,1,0.46543687432210207,23,0.23180898524548313,0.5084283908305812,0.0003329551254864782,23,0.0003329551254864782,0.23180898524548313,0.5084283908305812,0.5,23,0.5,0.0003329551254864782,144,0.006944444444444444,0.3819444444444444,1.1292138519486008,1
B,neural,A1,6,0.001,55,1,0,0,0,0,0.46543687432210207,7,1.5459446362198925,2.492506709068144,0.0007605932769365609,7,0.0007605932769365609,1.5459446362198925,2.492506709068144,0.5,7,0.5,0.0007605932769365609,144,0.006944444444444444,0.3819444444444444,1.1292138519486008,1
B,neural,A1,6,0.001,56,1,0,0,0,0,0.46543687432210207,31,1.545504980933086,2.4919080584755715,0.0026268402580171824,31,0.0026268402580171824,1.545504980933086,2.4919080584755715,1.0,31,1.0,0.0026268402580171824,144,0.006944444444444444,0.3819444444444444,1.1292138519486008,1
B,neural,A1,6,0.001,57,1,0,0,0,0,0.46543687432210207,4,0.6945410764408404,1.4533864115368185,0.0015616684686392546,4,0.0015616684686392546,0.6945410764408404,1.4533864115368185,0.6666666666666666,4,0.6666666666666666,0.0015616684686392546,144,0.006944444444444444,0.3819444444444444,1.1292138519486008,1
B,neural,A1,6,0.001,58,1,0,1,0,1,0.46543687432210207,41,0.4300776900515887,0.9477234341339557,0.0009722431423142552,41,0.0009722431423142552,0.4300776900515887,0.9477234341339557,0.8333333333333334,41,0.8333333333333334,0.0009722431423142552,144,0.006944444444444444,0.3819444444444444,1.1292138519486008,1
B,neural,A1,6,0.001,59,1,0,0,0,0,0.46543687432210207,58,1.1572096781214085,2.209813701382579,0.00013104248500894755,58,0.00013104248500894755,1.1572096781214085,2.209813701382579,0.8333333333333334,58,0.8333333333333334,0.00013104248500894755,144,0.006944444444444444,0.3819444444444444,1.1292138519486008,1
B,neural,A1,7,0.001,60,1,0,0,0,0,0.46543687432210207,46,1.9233184166740507,2.1985901475898904,0.0002696285955607891,46,0.0002696285955607891,1.9233184166740507,2.1985901475898904,0.8571428571428571,46,0.8571428571428571,0.0002696285955607891,377,0.002652519893899204,0.38196286472148544,1.1292616142356715,1
B,neural,A1,7,0.001,61,1,0,0,0,0,0.46543687432210207,20,1.7272968610063626,2.449402018629769,0.0012125364737585187,20,0.0012125364737585187,1.7272968610063626,2.449402018629769,0.8571428571428571,20,0.8571428571428571,0.0012125364737585187,377,0.002652519893899204,0.38196286472148544,1.1292616142356715,1
B,neural,A1,7,0.001,62,1,0,1,0,1,0.46543687432210207,27,0.10146899253190121,0.20975232015859166,0.0010541655356064439,27,0.0010541655356064439,0.10146899253190121,0.20975232015859166,0.7142857142857143,27,0.7142857142857143,0.0010541655356064439,377,0.002652519893899204,0.38196286472148544,1.1292616142356715,1
B,neural,A1,7,0.001,63,1,0,1,0,1,0.46543687432210207,27,0.26760723134199405,0.6244085950345996,0.003088628873229027,27,0.003088628873229027,0.26760723134199405,0.6244085950345996,0.7142857142857143,27,0.7142857142857143,0.003088628873229027,377,0.002652519893899204,0.38196286472148544,1.1292616142356715,1
B,neural,A1,7,0.001,64,1,1,1,1,1,0.46543687432210207,32,0.007088825384107927,0.024986833323304845,0.0033464219886809587,32,0.0033464219886809587,0.007088825384107927,0.024986833323304845,0.0,32,0.0,0.0033464219886809587,377,0.002652519893899204,0.38196286472148544,1.1292616142356715,1
B,neural,A1,7,0.001,65,1,0,0,0,0,0.46543687432210207,60,1.2989189046982765,2.364542742175157,7.673708023503423e-05,60,7.673708023503423e-05,1.2989189046982765,2.364542742175157,0.5714285714285714,60,0.5714285714285714,7.673708023503423e-05,377,0.002652519893899204,0.38196286472148544,1.1292616142356715,1
B,neural,A1,7,0.001,66,1,0,0,0,0,0.46543687432210207,24,1.9580893133623565,2.087718711081071,0.0023837017361074686,24,0.0023837017361074686,1.9580893133623565,2.087718711081071,0.7142857142857143,24,0.7142857142857143,0.0023837017361074686,377,0.002652519893899204,0.38196286472148544,1.1292616142356715,1
B,neural,A1,7,0.001,67,1,0,0,0,0,0.46543687432210207,36,1.8327284630699225,2.3379403083602077,0.001486187451519072,36,0.001486187451519072,1.8327284630699225,2.3379403083602077,0.7142857142857143,36,0.7142857142857143,0.001486187451519072,377,0.002652519893899204,0.38196286472148544,1.1292616142356715,1
B,neural,A1,7,0.001,68,1,0,1,0,1,0.46543687432210207,7,0.3696113947494258,0.8442905661485405,0.0007576492498628795,7,0.0007576492498628795,0.3696113947494258,0.8442905661485405,0.7142857142857143,7,0.7142857142857143,0.0007576492498628795,377,0.002652519893899204,0.38196286472148544,1.1292616142356715,1
B,neural,A1,7,0.001,69,1,0,1,0,1,0.46543687432210207,9,0.2224901661551979,0.50214902490676,0.00039736981852911413,9,0.00039736981852911413,0.2224901661551979,0.50214902490676,0.8571428571428571,9,0.8571428571428571,0.00039736981852911413,377,0.002652519893899204,0.38196286472148544,1.1292616142356715,1
B,neural,A1,7,0.001,70,1,0,0,0,0,0.46543687432210207,3,0.9245388475941263,1.8633019894718572,0.0022774392273277044,3,0.0022774392273277044,0.9245388475941263,1.8633019894718572,0.7142857142857143,3,0.7142857142857143,0.0022774392273277044,377,0.002652519893899204,0.38196286472148544,1.1292616142356715,1
B,neural,A1,7,0.001,71,1,0,0,0,0,0.46543687432210207,40,1.4354056981970917,2.4617759647558413,0.0047223386354744434,40,0.0047223386354744434,1.4354056981970917,2.4617759647558413,0.7142857142857143,40,0.7142857142857143,0.0047223386354744434,377,0.002652519893899204,0.38196286472148544,1.1292616142356715,1
B,neural,A1,7,0.001,72,1,0,0,0,0,0.46543687432210207,10,0.7543628030874446,1.571848000142583,0.0006674760370515287,10,0.0006674760370515287,0.7543628030874446,1.571848000142583,0.7142857142857143,10,0.7142857142857143,0.0006674760370515287,377,0.002652519893899204,0.38196286472148544,1.1292616142356715,1
B,neural,A1,7,0.001,73,1,0,0,0,0,0.46543687432210207,15,1.6569194354945913,2.4925784859243163,0.00046260905219241977,15,0.00046260905219241977,1.6569194354945913,2.4925784859243163,0.7142857142857143,15,0.7142857142857143,0.00046260905219241977,377,0.002652519893899204,0.38196286472148544,1.1292616142356715,1
B,neural,A1,7,0.001,74,1,0,0,0,0,0.46543687432210207,5,1.6935025806499278,2.460827669922931,0.0007510579307563603,5,0.0007510579307563603,1.6935025806499278,2.460827669922931,0.7142857142857143,5,0.7142857142857143,0.0007510579307563603,377,0.002652519893899204,0.38196286472148544,1.1292616142356715,1
B,neural,A1,7,0.001,75,1,0,0,0,0,0.46543687432210207,32,0.5849370195107234,1.267935214405718,0.00023678533034399152,32,0.00023678533034399152,0.5849370195107234,1.267935214405718,0.8571428571428571,32,0.8571428571428571,0.00023678533034399152,377,0.002652519893899204,0.38196286472148544,1.1292616142356715,1
B,neural,A1,7,0.001,76,1,0,0,0,0,0.46543687432210207,5,1.9933888242210596,2.012989507303228,0.0009712257888168097,5,0.0009712257888168097,1.9933888242210596,2.012989507303228,0.8571428571428571,5,0.8571428571428571,0.0009712257888168097,377,0.002652519893899204,0.38196286472148544,1.1292616142356715,1
B,neural,A1,7,0.001,77,1,0,0,0,0,0.46543687432210207,7,1.9989089843294203,2.000913163750723,0.005072203930467367,7,0.005072203930467367,1.9989089843294203,2.000913163750723,1.0,7,1.0,0.005072203930467367,377,0.002652519893899204,0.38196286472148544,1.1292616142356715,1
B,neural,A1,7,0.001,78,1,0,0,0,0,0.46543687432210207,48,1.6111089535956433,2.4953237635191066,0.0002508912293706089,48,0.0002508912293706089,1.6111089535956433,2.4953237635191066,0.5714285714285714,48,0.5714285714285714,0.0002508912293706089,377,0.002652519893899204,0.38196286472148544,1.1292616142356715,1
B,neural,A1,7,0.001,79,1,0,0,0,0,0.46543687432210207,62,1.1916556251256152,2.2630027652295097,0.0031079002656042576,62,0.0031079002656042576,1.1916556251256152,2.2630027652295097,1.0,62,1.0,0.0031079002656042576,377,0.002652519893899204,0.38196286472148544,1.1292616142356715,1
B,neural,A1,8,0.001,80,1,0,0,0,0,0.46543687432210207,16,1.989584426069137,2.035312939866965,0.000815049686934799,16,0.000815049686934799,1.989584426069137,2.035312939866965,0.75,16,0.75,0.000815049686934799,987,0.0010131712259371835,0.38196555217831807,1.129268582514635,0
B,neural,A1,8,0.001,81,1,0,0,0,0,0.46543687432210207,24,0.8696102293737499,1.8013841707478797,0.00461459718644619,24,0.00461459718644619,0.8696102293737499,1.8013841707478797,0.75,24,0.75,0.00461459718644619,987,0.0010131712259371835,0.38196555217831807,1.129268582514635,0
B,neural,A1,8,0.001,82,1,0,0,0,0,0.46543687432210207,36,1.5837223526292055,2.4920269122171215,0.0011905984720215201,36,0.0011905984720215201,1.5837223526292055,2.4920269122171215,0.625,36,0.625,0.0011905984720215201,987,0.0010131712259371835,0.38196555217831807,1.129268582514635,0
B,neural,A1,8,0.001,83,1,0,1,0,1,0.46543687432210207,45,0.05268249173721683,0.1283321085647235,0.004958082921802998,45,0.004958082921802998,0.05268249173721683,0.1283321085647235,0.75,45,0.75,0.004958082921802998,987,0.0010131712259371835,0.38196555217831807,1.129268582514635,0
B,neural,A1,8,0.001,84,1,0,0,0,0,0.46543687432210207,55,1.989976806318137,2.044054196774497,0.004008331801742315,55,0.004008331801742315,1.989976806318137,2.044054196774497,0.875,55,0.875,0.004008331801742315,987,0.0010131712259371835,0.38196555217831807,1.129268582514635,0
B,neural,A1,8,0.001,85,1,0,0,0,0,0.46543687432210207,54,0.9905270358378502,2.0179814563403533,0.006769986357539892,54,0.006769986357539892,0.9905270358378502,2.0179814563403533,1.0,54,1.0,0.006769986357539892,987,0.0010131712259371835,0.38196555217831807,1.129268582514635,0
B,neural,A1,8,0.001,86,1,0,0,0,0,0.46543687432210207,20,1.7604939731983367,2.396276679052927,0.003243793500587344,20,0.003243793500587344,1.7604939731983367,2.396276679052927,0.625,20,0.625,0.003243793500587344,987,0.0010131712259371835,0.38196555217831807,1.129268582514635,0
B,neural,A1,8,0.001,87,1,0,0,0,0,0.46543687432210207,56,0.46598964824334715,1.0309901109608484,0.0008048818563111126,56,0.0008048818563111126,0.46598964824334715,1.0309901109608484,1.0,56,1.0,0.0008048818563111126,987,0.0010131712259371835,0.38196555217831807,1.129268582514635,0
B,neural,A1,8,0.001,88,1,0,0,0,0,0.46543687432210207,0,1.5548501346646213,2.511430021367914,0.006665718276053667,0,0.006665718276053667,1.5548501346646213,2.511430021367914,0.75,0,0.75,0.006665718276053667,987,0.0010131712259371835,0.38196555217831807,1.129268582514635,0
B,neural,A1,8,0.001,89,1,0,0,0,0,0.46543687432210207,29,0.7941651670243307,1.6296489432719927,0.00501189474016428,29,0.00501189474016428,0.7941651670243307,1.6296489432719927,0.75,29,0.75,0.00501189474016428,987,0.0010131712259371835,0.38196555217831807,1.129268582514635,0
B,neural,A1,8,0.001,90,1,0,0,0,0,0.46543687432210207,30,1.7419038609841562,2.4394492774549383,0.0005771913565695286,30,0.0005771913565695286,1.7419038609841562,2.4394492774549383,0.625,30,0.625,0.0005771913565695286,987,0.0010131712259371835,0.38196555217831807,1.129268582514635,0
B,neural,A1,8,0.001,91,1,0,0,0,0,0.46543687432210207,50,0.6362358161330883,1.3043682647809045,0.002702697878703475,50,0.002702697878703475,0.6362358161330883,1.3043682647809045,0.875,50,0.875,0.002702697878703475,987,0.0010131712259371835,0.38196555217831807,1.129268582514635,0
B,neural,A1,8,0.001,92,1,0,0,0,0,0.46543687432210207,36,1.9094960515040154,2.20963250111136,0.004523393232375383,36,0.004523393232375383,1.9094960515040154,2.20963250111136,1.0,36,1.0,0.004523393232375383,987,0.0010131712259371835,0.38196555217831807,1.129268582514635,0
B,neural,A1,8,0.001,93,1,0,0,0,0,0.46543687432210207,59,1.9553405607742347,2.122366631744113,0.0014896835200488567,59,0.0014896835200488567,1.9553405607742347,2.122366631744113,1.0,59,1.0,0.0014896835200488567,987,0.0010131712259371835,0.38196555217831807,1.129268582514635,0
B,neural,A1,8,0.001,94,1,0,1,0,1,0.46543687432210207,37,0.3722016617118407,0.8130847938449729,0.0011139208218082786,37,0.0011139208218082786,0.3722016617118407,0.8130847938449729,0.75,37,0.75,0.0011139208218082786,987,0.0010131712259371835,0.38196555217831807,1.129268582514635,0
B,neural,A1,8,0.001,95,1,0,0,0,0,0.46543687432210207,10,0.9576555513797862,1.9347784045125902,0.0018837988609448075,10,0.0018837988609448075,0.9576555513797862,1.9347784045125902,0.875,10,0.875,0.0018837988609448075,987,0.0010131712259371835,0.38196555217831807,1.129268582514635,0
B,neural,A1,8,0.001,96,1,0,0,0,0,0.46543687432210207,29,1.9139234074266098,2.2271564869788847,0.000556524726562202,29,0.000556524726562202,1.9139234074266098,2.2271564869788847,0.75,29,0.75,0.000556524726562202,987,0.0010131712259371835,0.38196555217831807,1.129268582514635,0
B,neural,A1,8,0.001,97,1,0,0,0,0,0.46543687432210207,27,1.2221381270810672,2.279779665969744,0.004106617998331785,27,0.004106617998331785,1.2221381270810672,2.279779665969744,0.875,27,0.875,0.004106617998331785,987,0.0010131712259371835,0.38196555217831807,1.129268582514635,0
B,neural,A1,8,0.001,98,1,0,1,0,1,0.46543687432210207,4,0.2637437100292549,0.6100153278067613,0.0006306931027211249,4,0.0006306931027211249,0.2637437100292549,0.6100153278067613,0.75,4,0.75,0.0006306931027211249,987,0.0010131712259371835,0.38196555217831807,1.129268582514635,0
B,neural,A1,8,0.001,99,1,0,0,0,0,0.46543687432210207,61,1.4671723643846206,2.4748463239167613,0.0002820106747094542,61,0.0002820106747094542,1.4671723643846206,2.4748463239167613,0.875,61,0.875,0.0002820106747094542,987,0.0010131712259371835,0.38196555217831807,1.129268582514635,0
B,neural,A1,9,0.001,100,1,0,0,0,0,0.46543687432210207,51,1.0903348106571624,2.165218877550625,0.007590084802359343,51,0.007590084802359343,1.0903348106571624,2.165218877550625,0.7777777777777778,51,0.7777777777777778,0.007590084802359343,2584,0.0003869969040247678,0.3819659442724459,1.1292695991697523,0
B,neural,A1,9,0.001,101,1,0,0,0,0,0.46543687432210207,9,1.7485167534958013,2.4507725248063883,0.0007695146487094462,9,0.0007695146487094462,1.7485167534958013,2.4507725248063883,0.5555555555555556,9,0.5555555555555556,0.0007695146487094462,2584,0.0003869969040247678,0.3819659442724459,1.1292695991697523,0
B,neural,A1,9,0.001,102,1,0,1,0,1,0.46543687432210207,34,0.09920541240010944,0.188020143948474,0.001410320750437677,34,0.001410320750437677,0.09920541240010944,0.188020143948474,0.6666666666666666,34,0.6666666666666666,0.001410320750437677,2584,0.0003869969040247678,0.3819659442724459,1.1292695991697523,0
B,neural,A1,9,0.001,103,1,0,0,0,0,0.46543687432210207,57,1.9206805076923088,2.1720375203569313,0.006763499230146408,57,0.006763499230146408,1.9206805076923088,2.1720375203569313,0.8888888888888888,57,0.8888888888888888,0.006763499230146408,2584,0.0003869969040247678,0.3819659442724459,1.1292695991697523,0
B,neural,A1,9,0.001,104,1,0,0,0,0,0.46543687432210207,55,1.531795446580652,2.502485943716827,0.018567880615592003,55,0.018567880615592003,1.531795446580652,2.502485943716827,0.6666666666666666,55,0.6666666666666666,0.018567880615592003,2584,0.0003869969040247678,0.3819659442724459,1.1292695991697523,0
B,neural,A1,9,0.001,105,1,0,0,0,0,0.46543687432210207,2,1.9859605264433162,2.0422833767159534,0.0016019112663343549,2,0.0016019112663343549,1.9859605264433162,2.0422833767159534,0.6666666666666666,2,0.6666666666666666,0.0016019112663343549,2584,0.0003869969040247678,0.3819659442724459,1.1292695991697523,0
B,neural,A1,9,0.001,106,1,0,0,0,0,0.46543687432210207,21,1.1076256090044672,2.1621934959654108,0.005685498937964439,21,0.005685498937964439,1.1076256090044672,2.1621934959654108,0.8888888888888888,21,0.8888888888888888,0.005685498937964439,2584,0.0003869969040247678,0.3819659442724459,1.1292695991697523,0
B,neural,A1,9,0.001,107,1,0,0,0,0,0.46543687432210207,19,1.23576320130096,2.298737469601522,0.0008099388796836138,19,0.0008099388796836138,1.23576320130096,2.298737469601522,0.8888888888888888,19,0.8888888888888888,0.0008099388796836138,2584,0.0003869969040247678,0.3819659442724459,1.1292695991697523,0
B,neural,A1,9,0.001,108,1,0,0,0,0,0.46543687432210207,38,1.9503869814366817,2.152962204417325,0.008661904372274876,38,0.008661904372274876,1.9503869814366817,2.152962204417325,1.0,38,1.0,0.008661904372274876,2584,0.0003869969040247678,0.3819659442724459,1.1292695991697523,0
B,neural,A1,9,0.001,109,1,0,0,0,0,0.46543687432210207,2,1.511147425294746,2.4834824761767784,0.0019977723713964224,2,0.0019977723713964224,1.511147425294746,2.4834824761767784,0.8888888888888888,2,0.8888888888888888,0.0019977723713964224,2584,0.0003869969040247678,0.3819659442724459,1.1292695991697523,0
B,neural,A1,9,0.001,110,1,0,0,0,0,0.46543687432210207,58,1.8190185378195363,2.3703414203822786,0.0018490205984562635,58,0.0018490205984562635,1.8190185378195363,2.3703414203822786,0.7777777777777778,58,0.7777777777777778,0.0018490205984562635,2584,0.0003869969040247678,0.3819659442724459,1.1292695991697523,0
B,neural,A1,9,0.001,111,1,0,0,0,0,0.46543687432210207,8,1.2388057104288923,2.3176576947634975,0.003080473281443119,8,0.003080473281443119,1.2388057104288923,2.3176576947634975,0.8888888888888888,8,0.8888888888888888,0.003080473281443119,2584,0.0003869969040247678,0.3819659442724459,1.1292695991697523,0
B,neural,A1,9,0.001,112,1,0,0,0,0,0.46543687432210207,46,1.2990018416591111,2.3727149032833186,0.0034049288369715214,46,0.0034049288369715214,1.2990018416591111,2.3727149032833186,0.8888888888888888,46,0.8888888888888888,0.0034049288369715214,2584,0.0003869969040247678,0.3819659442724459,1.1292695991697523,0
B,neural,A1,9,0.001,113,1,0,0,0,0,0.46543687432210207,38,0.572054120487138,1.3841623221712007,0.016978539526462555,38,0.016978539526462555,0.572054120487138,1.3841623221712007,0.7777777777777778,38,0.7777777777777778,0.016978539526462555,2584,0.0003869969040247678,0.3819659442724459,1.1292695991697523,0
B,neural,A1,9,0.001,114,1,0,1,0,1,0.46543687432210207,37,0.30353567966503536,0.6635541747268946,0.0019763053860515356,37,0.0019763053860515356,0.30353567966503536,0.6635541747268946,0.8888888888888888,37,0.8888888888888888,0.0019763053860515356,2584,0.0003869969040247678,0.3819659442724459,1.1292695991697523,0
B,neural,A1,9,0.001,115,1,0,0,0,0,0.46543687432210207,31,1.9999845109551566,2.001490641539668,0.005512493662536144,31,0.005512493662536144,1.9999845109551566,2.001490641539668,0.8888888888888888,31,0.8888888888888888,0.005512493662536144,2584,0.0003869969040247678,0.3819659442724459,1.1292695991697523,0
B,neural,A1,9,0.001,116,1,0,0,0,0,0.46543687432210207,56,0.5069111364708541,1.12663701185195,0.0014302196213975549,56,0.0014302196213975549,0.5069111364708541,1.12663701185195,0.8888888888888888,56,0.8888888888888888,0.0014302196213975549,2584,0.0003869969040247678,0.3819659442724459,1.1292695991697523,0
B,neural,A1,9,0.001,117,1,0,0,0,0,0.46543687432210207,24,0.5071501717748952,1.20382107139848,0.006923971232026815,24,0.006923971232026815,0.5071501717748952,1.20382107139848,0.8888888888888888,24,0.8888888888888888,0.006923971232026815,2584,0.0003869969040247678,0.3819659442724459,1.1292695991697523,0
B,neural,A1,9,0.001,118,1,0,0,0,0,0.46543687432210207,54,0.5795614785969333,1.1976187831008183,0.003417595289647579,54,0.003417595289647579,0.5795614785969333,1.1976187831008183,0.7777777777777778,54,0.7777777777777778,0.003417595289647579,2584,0.0003869969040247678,0.3819659442724459,1.1292695991697523,0
B,neural,A1,9,0.001,119,1,0,0,0,0,0.46543687432210207,58,1.872905441337481,2.293201179530671,0.0006189987761899829,58,0.0006189987761899829,1.872905441337481,2.293201179530671,0.8888888888888888,58,0.8888888888888888,0.0006189987761899829,2584,0.0003869969040247678,0.3819659442724459,1.1292695991697523,0
B,neural,A1,10,0.001,120,1,0,0,0,0,0.46543687432210207,45,1.553120781805247,2.499569738104262,0.004199211020022631,45,0.004199211020022631,1.553120781805247,2.499569738104262,0.6,45,0.6,0.004199211020022631,6765,0.00014781966001478197,0.3819660014781966,1.1292697474976692,0
B,neural,A1,10,0.001,121,1,0,1,0,1,0.46543687432210207,52,0.07462031168832865,0.19673980943653444,0.0023265178315341473,52,0.0023265178315341473,0.07462031168832865,0.19673980943653444,0.8,52,0.8,0.0023265178315341473,6765,0.00014781966001478197,0.3819660014781966,1.1292697474976692,0
B,neural,A1,10,0.001,122,1,0,1,0,1,0.46543687432210207,50,0.3548701006691582,0.7991423315727011,0.0022569866850972176,50,0.0022569866850972176,0.3548701006691582,0.7991423315727011,0.7,50,0.7,0.0022569866850972176,6765,0.00014781966001478197,0.3819660014781966,1.1292697474976692,0
B,neural,A1,10,0.001,123,1,0,1,0,1,0.46543687432210207,26,0.22025727455226535,0.3958491877809549,0.008102280087769032,26,0.008102280087769032,0.22025727455226535,0.3958491877809549,0.8,26,0.8,0.008102280087769032,6765,0.00014781966001478197,0.3819660014781966,1.1292697474976692,0
B,neural,A1,10,0.001,124,1,0,0,0,0,0.46543687432210207,17,0.9742529925600484,1.9285229839419573,0.015978291630744934,17,0.015978291630744934,0.9742529925600484,1.9285229839419573,0.6,17,0.6,0.015978291630744934,6765,0.00014781966001478197,0.3819660014781966,1.1292697474976692,0
B,neural,A1,10,0.001,125,1,0,0,0,0,0.46543687432210207,28,1.7698127544416453,2.441389275327494,0.002185595454648137,28,0.002185595454648137,1.7698127544416453,2.441389275327494,0.8,28,0.8,0.002185595454648137,6765,0.00014781966001478197,0.3819660014781966,1.1292697474976692,0
B,neural,A1,10,0.001,126,1,0,0,0,0,0.46543687432210207,12,1.7238723168916332,2.48331391015175,0.0065714712254703045,12,0.0065714712254703045,1.7238723168916332,2.48331391015175,0.7,12,0.7,0.0065714712254703045,6765,0.00014781966001478197,0.3819660014781966,1.1292697474976692,0
B,neural,A1,10,0.001,127,1,0,0,0,0,0.46543687432210207,1,1.8280321169365767,2.359162288779954,0.003050569212064147,1,0.003050569212064147,1.8280321169365767,2.359162288779954,0.8,1,0.8,0.003050569212064147,6765,0.00014781966001478197,0.3819660014781966,1.1292697474976692,0
B,neural,A1,10,0.001,128,1,0,0,0,0,0.46543687432210207,10,1.9354295256253427,2.1791890968689107,0.01248963177204132,10,0.01248963177204132,1.9354295256253427,2.1791890968689107,0.7,10,0.7,0.01248963177204132,6765,0.00014781966001478197,0.3819660014781966,1.1292697474976692,0
B,neural,A1,10,0.001,129,1,0,0,0,0,0.46543687432210207,53,0.9480099403567157,1.9103773641105763,0.0128406947478652,53,0.0128406947478652,0.9480099403567157,1.9103773641105763,0.8,53,0.8,0.0128406947478652,6765,0.00014781966001478197,0.3819660014781966,1.1292697474976692,0
B,neural,A1,10,0.001,130,1,0,1,0,1,0.46543687432210207,58,0.10331374756235995,0.34419913554088466,0.009184369817376137,58,0.009184369817376137,0.10331374756235995,0.34419913554088466,0.9,58,0.9,0.009184369817376137,6765,0.00014781966001478197,0.3819660014781966,1.1292697474976692,0
B,neural,A1,10,0.001,131,1,0,1,0,1,0.46543687432210207,48,0.052670523949105055,0.11627726800865887,0.00015516200801357627,48,0.00015516200801357627,0.052670523949105055,0.11627726800865887,0.5,48,0.5,0.00015516200801357627,6765,0.00014781966001478197,0.3819660014781966,1.1292697474976692,0
B,neural,A1,10,0.001,132,1,0,0,0,0,0.46543687432210207,46,1.0291177188771488,2.040181297462362,0.002183461794629693,46,0.002183461794629693,1.0291177188771488,2.040181297462362,0.7,46,0.7,0.002183461794629693,6765,0.00014781966001478197,0.3819660014781966,1.1292697474976692,0
B,neural,A1,10,0.001,133,1,0,0,0,0,0.46543687432210207,58,1.4096582625650875,2.4435061288545934,0.012179411016404629,58,0.012179411016404629,1.4096582625650875,2.4435061288545934,0.6,58,0.6,0.012179411016404629,6765,0.00014781966001478197,0.3819660014781966,1.1292697474976692,0
B,neural,A1,10,0.001,134,1,0,0,0,0,0.46543687432210207,14,1.3081392378951386,2.3865237330892874,0.010079735890030861,14,0.010079735890030861,1.3081392378951386,2.3865237330892874,0.8,14,0.8,0.010079735890030861,6765,0.00014781966001478197,0.3819660014781966,1.1292697474976692,0
B,neural,A1,10,0.001,135,1,0,0,0,0,0.46543687432210207,4,1.9952269108693643,2.012572828310943,0.0012098737061023712,4,0.0012098737061023712,1.9952269108693643,2.012572828310943,0.9,4,0.9,0.0012098737061023712,6765,0.00014781966001478197,0.3819660014781966,1.1292697474976692,0
B,neural,A1,10,0.001,136,1,0,0,0,0,0.46543687432210207,25,1.9995962075606513,2.0148459079813392,0.007880084216594696,25,0.007880084216594696,1.9995962075606513,2.0148459079813392,0.8,25,0.8,0.007880084216594696,6765,0.00014781966001478197,0.3819660014781966,1.1292697474976692,0
B,neural,A1,10,0.001,137,1,0,0,0,0,0.46543687432210207,57,1.2091431042914702,2.2742330169925133,0.001853167312219739,57,0.001853167312219739,1.2091431042914702,2.2742330169925133,1.0,57,1.0,0.001853167312219739,6765,0.00014781966001478197,0.3819660014781966,1.1292697474976692,0
B,neural,A1,10,0.001,138,1,0,0,0,0,0.46543687432210207,40,1.0466220770485688,2.1068949936511414,0.004529772792011499,40,0.004529772792011499,1.0466220770485688,2.1068949936511414,0.7,40,0.7,0.004529772792011499,6765,0.00014781966001478197,0.3819660014781966,1.1292697474976692,0
B,neural,A1,10,0.001,139,1,0,1,0,1,0.46543687432210207,56,0.13319639760110386,0.28345924599609956,0.0005571638466790318,56,0.0005571638466790318,0.13319639760110386,0.28345924599609956,1.0,56,1.0,0.0005571638466790318,6765,0.00014781966001478197,0.3819660014781966,1.1292697474976692,0
